Input_pH,Hfo_sOUO2+,(Hfo_sO)2UO2,(Hfo_sO)2UO2CO3-2,Hfo_wOUO2+,(Hfo_wO)2UO2,(Hfo_wO)2UO2CO3-2,U_ads,pred_Hfo_sOUO2+,pred_(Hfo_sO)2UO2,pred_(Hfo_sO)2UO2CO3-2,pred_Hfo_wOUO2+,pred_(Hfo_wO)2UO2,pred_(Hfo_wO)2UO2CO3-2
3.0,1.0756920899434255e-07,5.8554640857119735e-08,3.5389345906984846e-32,3.774355580168952e-09,7.512958760778535e-10,1.4358934655537748e-34,1.706495013077091e-07,1.1259030388907245e-07,6.096312834568556e-08,1.8586454595633037e-14,3.949269007880758e-09,8.011035833220877e-10,1.8586455865383304e-14
4.0,1.85250407181532e-07,9.48725906913966e-07,5.708156119950671e-29,6.908690907539324e-09,1.3751622823730725e-08,2.616429485859569e-31,1.154636627826768e-06,1.8695725669404689e-07,9.595807594966447e-07,1.2126678461323318e-13,7.239911363097865e-09,1.2996495516876814e-08,1.2126679289768203e-13
5.0,2.663329256187879e-08,1.3355745767925563e-06,7.697958350424177e-27,1.014372247185731e-09,2.019078246826917e-08,3.680107993709649e-29,1.3834130240698902e-06,2.5724806508262628e-08,1.3340817559282787e-06,1.4371098102511056e-13,9.721801063771716e-10,2.297022043125941e-08,1.4371099084285475e-13
6.0,2.725309717277581e-09,1.3650043929825736e-06,5.539519401624647e-25,1.0392342126490935e-10,2.068565131199653e-08,2.654649806958936e-27,1.3885192774331128e-06,3.3610012279447632e-09,1.3632748291366162e-06,1.445876679333567e-13,1.87992424675937e-10,2.2671382408553363e-08,1.4458767781099253e-13
7.0,2.7318515924315757e-10,1.3681035457582198e-06,1.4008927006299025e-23,1.0418638953865644e-11,2.0737994190052533e-08,6.71510259621252e-26,1.3891251437464694e-06,1.7486393995147118e-10,1.366375790762907e-06,1.4433092455333022e-13,0.0,2.29445510084186e-08,1.443309344134264e-13
8.0,2.729907599334297e-11,1.3672248152827044e-06,1.633176834817205e-22,1.0410503356761256e-12,2.0721801207669312e-08,7.8274586483199875e-25,1.3879749566167028e-06,0.0,1.3612617510051197e-06,1.4296040982495814e-13,0.0,1.8081334609866295e-08,1.429604195914264e-13
9.0,2.710382407122773e-12,1.358287089770514e-06,1.4832009978565513e-21,1.0329646115010839e-13,2.0560862489954198e-08,7.09985966676862e-24,1.3788507659393378e-06,0.0,1.319056426732077e-06,1.3818666686322113e-13,0.0,1.1952028971732002e-08,1.3818667630356686e-13
10.0,2.7026584261588413e-13,1.354748038462862e-06,7.382907221640943e-21,1.0297687581453734e-14,2.0497252014316457e-08,3.532356441959534e-23,1.3752455710407162e-06,0.0,1.3361951621282097e-06,1.404523245714828e-13,0.0,1.4552285588848846e-08,1.4045233416660898e-13
11.0,2.693107310551768e-14,1.350369289640643e-06,1.2362475717137884e-20,1.0258190016578805e-15,2.0418635781667513e-08,5.911254007087034e-23,1.370787953379215e-06,0.0,1.3629639050473525e-06,1.4419569286173646e-13,0.0,1.558965136343908e-08,1.4419570271259417e-13
